date,points,avg_cloud,max_irr,winner,rmse_lin,mae_lin,r2_lin,rmse_ann,mae_ann,r2_ann,rmse_lstm,mae_lstm,r2_lstm,rmse_rf,mae_rf,r2_rf,rmse_gbdt,mae_gbdt,r2_gbdt
2026-01-22,126,72.19047619047619,895.0,Random Forest,0.4389930121938438,0.2953905444455459,0.9885300641522969,0.465090247347378,0.356790824376846,0.9871258003510199,0.9591179067213419,0.7439430428308155,0.9452492877863304,0.3815892098111804,0.29374240256638134,0.9913336156546896,0.4620545136527065,0.3401743694210925,0.9872933166209081
2026-01-23,126,7.166666666666667,892.0,Random Forest,0.7915291336554987,0.48075204930038323,0.966915371171059,0.5389582573723773,0.4242521419290053,0.9846607997175492,1.1851640163446782,0.5700266661416918,0.9258263976121108,0.380620106418842,0.2692376855843246,0.9923497450165337,0.43334130333079024,0.29866781532881936,0.9900836321616763
2026-01-24,128,48.5390625,1081.0,Random Forest,1.5224927717137926,0.8624611522299546,0.8959341884927596,1.2105150244567935,0.7549475797586691,0.9342133207875032,2.514347538135815,1.486336611479521,0.7161765926938319,0.8397811404890154,0.4962774930160113,0.9683386206909151,1.052243999195033,0.6360289863672898,0.9502915167483335
2026-01-25,128,5.0625,897.0,Random Forest,0.6800348021521518,0.38108564500426,0.9720996193619699,0.4656485326455223,0.35058511115707647,0.9869182957195002,1.2438797604155514,0.6262478603031486,0.9066520784406634,0.3125087518294046,0.22990925462542494,0.9941078713800144,0.3352718232537724,0.2559759155499096,0.9932182470909543
2026-01-26,126,38.19047619047619,908.0,Random Forest,1.10411394137503,0.7922688197197897,0.8750754483771871,0.6430393008215455,0.4960606928194443,0.9576264309545,2.277734280535352,1.5267697433422482,0.4683496204477492,0.5111389071752723,0.36923006753311305,0.9732269473366852,0.6643181171549556,0.46426952121583853,0.9547756633593872
2026-01-27,128,4.40625,871.0,Linear Regression,0.38494147381360505,0.3230949739739383,0.9904974435147483,0.49200589125477634,0.42887168833565265,0.9844764281411602,0.6338282872237487,0.4974222906306386,0.9742371274355912,0.4156762638185241,0.3440218625411911,0.9889194452978946,0.3921695574858293,0.320038646713705,0.9901372322455712
2026-01-28,129,97.4186046511628,918.0,HistGBDT,0.9184445615990495,0.7992056855786391,0.9606112733225038,0.6701978819446914,0.5602618765908934,0.9790264401482507,0.6183551113713245,0.5023075147506803,0.9821457357645228,0.5183015557685473,0.4272149526940771,0.987456143628413,0.37968074987676037,0.2911456251038312,0.9932686339971203
2026-01-29,130,93.36923076923077,867.0,HistGBDT,0.9198695054666681,0.7926464899623046,0.9551074816562082,0.5870406804870564,0.4874028176550624,0.9817165595830796,0.6038510528327683,0.4816060996385721,0.980654445570019,0.49447692918045144,0.3909420241761589,0.9870278013041264,0.39671863820436,0.3087030841806239,0.9916499950270181
2026-01-30,126,34.61904761904762,879.0,Random Forest,1.4124569547091972,0.9172503007768424,0.8817637922545548,1.0113600605062258,0.5774341592135639,0.9393805980975696,2.1923431136545664,1.279638981489908,0.715149426381789,0.6726693217750838,0.39256251390944186,0.9731834260619624,0.7598648542219208,0.4587915081994477,0.9657805705170193
2026-01-31,128,84.3828125,928.0,Random Forest,1.3740832085251042,0.9087509886685128,0.8998588543668214,0.8992173132267395,0.5610559524237904,0.957113973401502,2.040627622571492,1.1255353184398265,0.77914155368807,0.7372798181274327,0.47357161979789797,0.9711695658506716,0.7499977024247476,0.49233044221905886,0.9701663523363147
2026-02-01,125,25.56,867.0,LSTM,1.2007806786032003,0.8682740937324067,0.9255122977352048,0.6851100021764495,0.4918309042278684,0.9757518945887564,0.3100429495129969,0.2563995903759003,0.9950340663239912,0.39085646064908147,0.2919459192172049,0.9921079144316048,0.3420483454228615,0.2652500963786734,0.9939558924552017
2026-02-02,129,40.18604651162791,887.0,ANN,0.9472073569468581,0.8004481809647359,0.9566384183034438,0.4530381313601248,0.353346965049553,0.9900806205224745,0.9968660284024531,0.5515247336136277,0.9519726545850843,0.4903540787046061,0.3740901418954596,0.988379238859385,0.49393402439178635,0.3554649074105065,0.9882089392451574
2026-02-03,127,16.755905511811022,931.0,Random Forest,1.1000303694841467,0.7783393473300875,0.94610384161602,0.8666649087880198,0.5991248390265338,0.9665457818309753,1.6677064374529347,0.9620274193418308,0.8761238582335547,0.5718353983730039,0.3743956499789798,0.9854356692805265,0.7175757889730796,0.49502483045338774,0.9770657778773538
2026-02-04,130,59.723076923076924,920.0,Random Forest,0.9110534637909414,0.6812073233342087,0.9440415209952663,0.6499890372522763,0.347109998689132,0.9715167043351974,1.447857211347138,0.7837289650366857,0.8586715352109417,0.4695056362836606,0.2838530021591919,0.9851385975652532,0.6041194147611498,0.38098959568214463,0.9753949778545477
2026-02-05,130,17.56923076923077,858.0,Random Forest,0.5902530438046589,0.5140574474632285,0.980619703536767,0.3993895632739419,0.26053977090788594,0.9911268592765313,0.4016393197627038,0.29722102051514837,0.9910266131421681,0.31228928504944337,0.19828962563903024,0.994575020362244,0.33034637313498266,0.23036237787562,0.9939295200124179
2026-02-06,129,26.41860465116279,887.0,Random Forest,0.9638021565046326,0.710062005922478,0.9491350477736628,0.6338210749115836,0.3471319071685783,0.9780023542038477,0.9482159113842985,0.43057401485590974,0.9507668831631365,0.3721692738571018,0.23952356620430235,0.9924155536479378,0.6844528704603208,0.34189799908938634,0.9743474849019449
2026-02-07,129,46.01550387596899,931.0,HistGBDT,1.7889315310722442,1.2684500248640387,0.8515356852836942,1.2441569283791933,0.7805718025906068,0.9281899936647361,2.448801440754251,1.3781301022573957,0.721809827045579,1.0377371597296952,0.603872900769508,0.9500415015092727,0.979268413000673,0.5635627405700748,0.9555124864996527
2026-02-08,131,92.81679389312977,975.0,HistGBDT,1.3677365647392632,0.9765076989873415,0.909230019801279,1.0766592065447966,0.7449148073548025,0.9437537150471237,2.040742992673644,1.3673236342240835,0.7979243642686641,0.9244041928549569,0.5767772207682957,0.9585369601378656,0.8629585234965963,0.5773111132511256,0.9638659058992698
2026-02-09,124,63.935483870967744,869.0,Random Forest,0.958495266723456,0.722268989924977,0.9603250672353231,0.6271234676707124,0.4143184750558366,0.983015906968186,1.0953508414142048,0.6075915927463962,0.948186521851488,0.5154532022841425,0.35910444309508344,0.9885260028306231,0.5388371952558803,0.3473731509018965,0.9874613324376137
2026-02-10,130,55.84615384615385,890.0,Random Forest,1.118258260200251,0.7949198266159234,0.9330908475994092,0.631849079514393,0.4223618585985922,0.9786386835929864,1.5012791064432087,0.6640566768682921,0.8794064223403824,0.42156066148879073,0.30732983280454285,0.9904912932643531,0.48138929167006234,0.29241629143556425,0.9876007861814965
2026-02-11,129,73.96124031007751,897.0,HistGBDT,0.7420599638919184,0.5517506819153483,0.9672486364631775,0.5162515316326353,0.36964483011133625,0.9841483640325505,0.5986714688304221,0.4558061932094338,0.9786828811548902,0.3928641772942802,0.2749460230626991,0.9908201360620231,0.3516571377877282,0.25726564025720616,0.9926448716144014
2026-02-12,129,39.06201550387597,861.0,Random Forest,0.8145896479781608,0.6735009253118578,0.9620273145445489,0.7502042701462862,0.5032021926448232,0.9677928272909049,0.8421151275413307,0.6564966837435731,0.9594177168689587,0.37271300259721735,0.2936781030679276,0.9920504485134112,0.4136842256108596,0.31333999709326193,0.9902066458385296
2026-02-13,128,58.84375,954.0,HistGBDT,1.4000996025889216,0.9364584582091198,0.9083554906106839,1.043289716421278,0.6824647051698896,0.9491139852861961,2.1699642591676276,1.2914133891314266,0.7798626432463591,0.781988973523373,0.5006089802197451,0.9714116003570911,0.777525246900351,0.48815797965462526,0.9717370437911579
2026-02-14,126,23.0,768.0,HistGBDT,0.8714787739815066,0.7515414663799443,0.9475216367141215,0.635788565366019,0.4598442515563903,0.9720686401588907,0.7543662521451109,0.42774209580534983,0.9606784022048505,0.37059094769561335,0.2900082078465593,0.9905102173069076,0.35782263674169895,0.2715704140835938,0.9911528726777263
2026-02-15,126,25.841269841269842,867.0,HistGBDT,0.8546536239132433,0.7581240434982621,0.9605414417724443,0.5504675403231593,0.3962112128180766,0.9836309164554287,0.36783903884343216,0.2770790099302928,0.9926906867610787,0.36279123721452855,0.2620860578429648,0.992889919579977,0.34973178062604493,0.23922122422656106,0.9933925918643232
2026-02-16,130,19.723076923076924,854.0,ANN,0.577828524919493,0.5142775447516281,0.9818610833051268,0.27320911403095555,0.21612067056435463,0.9959448795601566,0.30089804975391865,0.22228466562491195,0.9950812795855708,0.2767545159955281,0.20749642030419754,0.99583895105527,0.3311631511834083,0.26167145919159446,0.9940420424495527
2026-02-17,129,77.50387596899225,954.0,Random Forest,1.388155177286504,0.8842886283500156,0.891584841479602,0.9551078394087785,0.6317437070651509,0.948676201147627,2.1141349726045933,1.2724680328295213,0.7485339292773927,0.7718777756414705,0.484295943182227,0.9664794567738788,0.9327984056969906,0.5876756840407382,0.9510458442699765
2026-02-18,126,97.58730158730158,843.0,Random Forest,0.9964289761589018,0.7013448560436495,0.915753018771335,0.8272922431308577,0.5743218914000757,0.9419262920822414,1.9101406194627983,1.2977522971157045,0.690406145405206,0.6378657113578845,0.4317125024466175,0.9654760749053002,0.6748929105391569,0.47229272330217753,0.9613516120857433
2026-02-19,130,46.2,864.0,Random Forest,0.8303864252807548,0.6220493909494715,0.9641498076184277,0.5188760971746825,0.3301681483833973,0.9860022466047309,0.9301886050634456,0.48092908786626964,0.955014449570627,0.38014661710685965,0.2528114558458073,0.9924866560816596,0.4287512699335329,0.2581892814022711,0.9904425541198678
2026-02-20,129,86.69767441860465,952.0,Random Forest,0.9458945877972419,0.7151263733791143,0.9592354770533703,0.6322400326321171,0.44989691818863514,0.9817878647906217,1.1015340782825687,0.6571353514508684,0.9447168528851597,0.5081378833382555,0.3818057204234494,0.988235864134283,0.5507332661000854,0.37990029221610444,0.9861809081509315
2026-02-21,132,26.295454545454547,960.0,ANN,1.3474168320075945,0.9201668533262304,0.9057272415325442,0.9015937623109693,0.49940934243638613,0.9577910960239783,2.0534448288179115,0.9515407532074234,0.7810482825432877,0.9058079602463783,0.40298243507781145,0.9573955910950309,0.9244828637007539,0.47281961936130423,0.9556207448092237
2026-02-22,128,20.546875,928.0,Random Forest,1.3136745649120978,0.9627278631767408,0.9140890632776032,1.030403737918354,0.6776457016959491,0.94714479972599,1.742030888521528,0.9440050300005823,0.8489277927587686,0.7729873181566316,0.5085508164477492,0.9702547509552739,0.9788227134100815,0.6185118908984315,0.9523041109044268
2026-02-28,27,47.25925925925926,511.0,Random Forest,3.1513499211260125,1.3694628352494516,0.06481817387125777,2.4237052190295696,0.9364006290024284,0.44682518928478454,3.33026120289586,1.4389764737199855,-0.0443820423229242,0.8986918653739432,0.47897843328358053,0.9239455865795707,2.5227861751061154,0.9650222708467118,0.40067321899989783
2026-03-01,133,36.857142857142854,1017.0,HistGBDT,9.23697036383329,7.339564523016281,-5.872448924646869,7.803168086005935,6.124984511304544,-3.904495546721143,9.300786273677971,7.3574190342211185,-5.967737001611642,3.9553721282526624,2.7797713539474063,-0.2601641440869975,3.3752357821621666,2.5121725810765856,0.08238468465960513
2026-03-02,131,14.725190839694656,970.0,HistGBDT,0.787392834834461,0.5719878990114278,0.971958310057304,0.5579707941561923,0.46535691990601474,0.985918653003098,0.7454107714012995,0.6353548658476531,0.9748688365724157,0.4021563623520691,0.3162171301267423,0.992685053504403,0.3950935438220081,0.331343136991188,0.9929397328883486
2026-03-03,131,17.49618320610687,975.0,HistGBDT,0.6009839294285295,0.4906919069218434,0.9824966412170892,0.589209995776891,0.5126666541159812,0.9831757431875203,0.6843098196940469,0.578860908470081,0.9773065136193386,0.5202649096343428,0.3264505908587821,0.9868826910630294,0.3867605538330642,0.31853138701125455,0.9927509678801798
2026-03-04,133,0.0,990.0,HistGBDT,0.6856613882903705,0.5944411758417455,0.9786679275444061,0.6312571040330998,0.5615675121233621,0.9819188428856448,0.7549822023623518,0.6771325288392548,0.9741365122267142,0.48919792326781125,0.3808731335415789,0.9891411740490745,0.32618131446276183,0.2756722545715847,0.9951723939841209
2026-03-05,133,13.984962406015038,994.0,HistGBDT,0.6814657741944223,0.6212733051920172,0.978620681041092,0.5916324449156881,0.47209995029954593,0.9838857634703344,0.6586654192676771,0.5864646369389126,0.9800273590327807,0.3523969698137586,0.28839677758001386,0.9942829748901295,0.33901971502597317,0.28210743333124416,0.9947087817201478
2026-03-06,127,20.440944881889763,1097.0,Random Forest,1.2942156064265922,0.8885276087818853,0.9249266988090905,1.342263836665015,0.910640964220326,0.9192489779907321,1.511546180405162,0.9064389869772543,0.8975964319978906,0.6341216253170266,0.4041658621735268,0.9819774027913425,0.6489498788640995,0.38362114525966884,0.9811246697097504
2026-03-07,133,19.142857142857142,1076.0,Random Forest,1.580742298213722,0.9833218573079352,0.9034079297958272,1.4868113649851296,0.9191558076816658,0.9145462610914533,2.5503381458835275,1.4200227993556431,0.7485712948904806,1.1257410244018158,0.500599683973391,0.9510112552966447,1.175186511682501,0.6006009074343743,0.9466133190662624
2026-03-08,132,20.181818181818183,1045.0,HistGBDT,1.8736823222589376,1.2235537805460484,0.8428306832007957,1.6904121566202404,1.07750336336784,0.8720733399835788,3.076056729854751,1.8294547104329772,0.576391634637887,1.3174886910051684,0.6804316505432935,0.9222913008863906,1.2578634112090825,0.6954704645740575,0.9291658289759385
2026-03-09,135,9.911111111111111,1022.0,Random Forest,1.6892177210411632,1.1116085181736644,0.8780209981895037,1.3370938678323012,0.9399107908032671,0.9235746191635105,2.76574368241396,1.6880913921002991,0.6730075874537178,0.9554928936867126,0.5905319903719731,0.9609726790211889,1.2341928222573526,0.7504131894923639,0.9348851791353279
2026-03-10,133,21.18796992481203,962.0,Random Forest,1.2848279567114105,0.8269824711394207,0.9360163968769497,0.96378691215556,0.6965784812457578,0.9639968262733053,1.9739877267672714,1.1628613417471263,0.8489684660198188,0.6183743550009909,0.3673549478656782,0.9851788576693075,0.944529945147821,0.5419095212599836,0.9654211775533337
2026-03-11,134,61.67164179104478,990.0,Random Forest,1.0983058156344274,0.6927551782812024,0.9030946056538066,1.364809646660951,0.8775398443313102,0.8503607393597657,1.8465837991175222,1.3240024102944048,0.7260701064670683,0.9086409430002339,0.4843290408408243,0.9336736664156904,1.1578973272378905,0.6766214828010536,0.8922936050960295
2026-03-12,128,43.40625,1048.0,Random Forest,1.683386277829478,1.0390839055501357,0.840515415891426,1.3050083165754176,0.8339371012690991,0.9041531810819503,2.532361276194975,1.5878507284466177,0.6390870440360579,0.697227508323294,0.41262711449940054,0.9726410030138454,0.837442565842151,0.4675815257771181,0.9605305378755601
2026-03-13,129,36.093023255813954,970.0,Random Forest,1.2771150001741431,0.892675739395264,0.9376844498254145,0.7085627479669336,0.49639024683177196,0.9808180367820014,2.0776977100802467,1.1480380800602046,0.8350694359610545,0.5372020216883282,0.31327090086832415,0.9889741596753392,0.5510521196044488,0.36612373395715464,0.9883982961200025
2026-03-14,134,14.738805970149254,1017.0,Random Forest,1.4015798888932907,0.9472750576681517,0.9350424934107241,1.0347339689593837,0.7195692660009773,0.964596104933815,2.1660482571941726,1.2329692656531266,0.844857820748075,0.6975035413779657,0.3606906363930697,0.9839125775824272,0.8050194854841826,0.41935160803715743,0.978570777371266
2026-03-15,135,17.666666666666668,988.0,HistGBDT,1.5786162550636702,1.0396749812010972,0.9064717916177755,1.7804083209945616,1.4124265198888943,0.8810323987553432,2.5575006823092825,1.3761728006751446,0.7545172438070431,0.7740566406862995,0.4057156065453454,0.9775128220881463,0.5715644899756851,0.3540412979238463,0.9877391676901967
2026-03-16,132,53.09090909090909,1081.0,HistGBDT,1.224616165331896,0.7444793524918429,0.9161326280942453,1.1056517367989918,0.6857261715523012,0.9316356383357921,2.2092915411353773,1.4323273370645262,0.7270399320464407,0.8275967781946652,0.444317452185787,0.9616971895998323,0.7683660964433848,0.43538889781077084,0.966983620673645
2026-03-17,136,26.75,1053.0,HistGBDT,1.4022599555150919,0.9809165798799209,0.9271274144451387,1.5536913639779408,1.112194955033709,0.9105384088349618,1.8529499076917069,1.137120160302695,0.8727568322551564,0.6643095088608505,0.4766792379606967,0.983645093990468,0.6317598838019354,0.41993835541781926,0.9852085344967879
2026-03-18,127,20.228346456692915,996.0,HistGBDT,1.015850423993329,0.7812874077256444,0.9536035676118456,1.1266586891657149,0.8489454475857459,0.9429297472808192,1.3301817746434514,0.8609669065306506,0.9204487439953741,0.4835852228869878,0.35033911321683164,0.9894859243447662,0.4772435625963865,0.30162426423763716,0.9897598760666374
2026-03-19,132,20.431818181818183,1045.0,HistGBDT,1.3432075344370837,0.920134543542508,0.9276567071587564,1.384142458019981,0.9264146691688426,0.9231801215794966,1.8359499517855773,1.076776639914874,0.8648445040873171,0.8967090355172584,0.4852445174361677,0.9677585083719783,0.8632094649612404,0.41810413413817643,0.9701224885492263
2026-03-20,132,51.50757575757576,1177.0,Random Forest,2.116603044255426,1.3856394290323009,0.8420271956064593,2.229731426830296,1.4579744942876354,0.8246892267954129,3.0091265176303654,2.0635291696064404,0.6807106807796854,1.3731688922307697,0.8508182340038684,0.9335107540245695,1.4689308413252486,0.9161941546024966,0.9239137475908569
2026-03-21,135,17.377777777777776,1064.0,Random Forest,1.6529389212722905,0.9827732904539552,0.9067731863204777,1.6318955247254268,1.0224193103610417,0.9091317985961095,2.2950434610125994,1.2749853318779556,0.8202747661417493,0.7904524863808156,0.4318334637939061,0.9786804139078689,0.9862059060230028,0.5380674205567221,0.9668134254937671
2026-03-22,134,15.283582089552239,962.0,Random Forest,1.1064728598509836,0.8527290900190359,0.949661470762871,1.3978436527581066,1.0924435509813961,0.9196591932555709,1.452764007180021,0.8901868151159429,0.913222100459468,0.6196569468512657,0.394405574911514,0.9842121992572631,0.7836025010864733,0.4776108171147083,0.9747529512961219
2026-03-23,136,27.36764705882353,1229.0,Random Forest,1.8983956322700473,1.150490425271898,0.8776493390738118,2.038347380624354,1.3836856688859396,0.8589447461313329,2.750706602043635,1.6566427519251317,0.7431252554599586,1.0868558583203436,0.6308440127853389,0.9598970086163304,1.2973620813988616,0.7298686511725826,0.9428580221368195
2026-03-24,136,23.455882352941178,1064.0,Random Forest,1.5603752708752414,0.9814311281195922,0.8989087429226549,1.6812573882552369,1.1267348577793228,0.8826389757910575,2.3022517215331035,1.2903472901039261,0.7799298740436796,0.7799090265583885,0.48834011120980847,0.9747452326027485,1.096465181256104,0.5991049096342937,0.9500833801210774
2026-03-25,136,10.632352941176471,983.0,Random Forest,0.7860645455751711,0.5790550122551242,0.9726261435795357,0.8417700104715563,0.5785958705799302,0.9686089049080867,0.8992778303635722,0.6167560781818979,0.9641732558617823,0.5227186802875841,0.31461965802893893,0.9878952559895532,0.5791080608050979,0.34067676701913546,0.9851427377843848
2026-03-26,135,50.50370370370371,957.0,Random Forest,0.702016984645242,0.4220305628564088,0.9775057317770429,0.5612592404168303,0.33621884484756304,0.9856218291939414,0.5099499267866885,0.3961617496914333,0.9881305198711817,0.4095869978779472,0.30807511491068545,0.9923428182839891,0.45779960882862575,0.3211445467574369,0.9904340641378845
2026-03-27,137,8.138686131386862,996.0,Random Forest,0.5195341036433345,0.4421411922612311,0.9881635917261973,0.6000497329129822,0.4639945155354461,0.9842105752353283,0.5357565681055116,0.4196744491270859,0.9874128669566075,0.3125364321847046,0.21142577043989857,0.9957165557895205,0.3916715220833315,0.2790325007037166,0.9932727772818322
2026-03-28,135,17.57037037037037,1056.0,Random Forest,1.7528893544045718,1.0758780584520187,0.8823812396165691,1.4509925934473582,1.0534585541539503,0.919406877546866,1.2193591940654582,0.7927709813647801,0.9430844541359553,0.9976488609098152,0.5588839987057281,0.9619001721821063,1.2321698370849998,0.6846591246076199,0.9418822573547341
2026-03-29,134,56.559701492537314,1138.0,Random Forest,1.7893867289495302,1.0181915717782433,0.8694022870027692,1.97761850421533,1.2898854350060658,0.840481086964409,1.51043004547851,0.8822941637786467,0.9069474284284392,1.2265962089209188,0.5868174676458622,0.9386336371385865,1.558087133088134,0.7555638211613391,0.9009828025966614
2026-03-30,138,13.898550724637682,1204.0,Random Forest,2.2055545491418296,1.31569523701008,0.8166616113684099,2.0810710021196503,1.4091345823911314,0.8367731503884998,1.7130662577760098,1.112756325058315,0.8893971991950571,1.1830087410471102,0.6934817444745797,0.9472534923616188,1.5775232558482997,0.9202144483762629,0.9062072339871509
2026-03-31,138,54.43478260869565,1144.0,Random Forest,1.2408618869504011,0.6495903027500588,0.9419375681859153,1.2180998436933528,0.8361621837968441,0.9440481944816367,1.1005452229935584,0.7284697998174723,0.9543265185805715,0.8296191095906834,0.4826168748646754,0.9740459088994529,0.9308064393139592,0.4677335423791904,0.9673286493629836
2026-04-01,137,58.54014598540146,1097.0,Random Forest,1.9119050105044288,1.038059177656597,0.85160183700685,1.7103855615065122,1.016811189039125,0.881236238105305,1.6569591155069479,0.8911718833498711,0.888539884857074,0.9298279307348981,0.47629837803152175,0.9649004880725498,1.330159211678993,0.6455532872826973,0.9281704484604733
2026-04-02,134,38.46268656716418,1110.0,Random Forest,2.052926541137337,1.2449872675489146,0.8000689662589966,1.6176383452412033,1.0030521991020382,0.8758644254486678,1.813493620133931,1.129331265668371,0.8439853228765929,1.3533708133379676,0.7892718723517282,0.9131105586234222,1.6141992207925586,0.9564499316358972,0.8763916927130657
2026-04-03,138,42.73913043478261,1074.0,Random Forest,2.017346582055824,1.1835909870867094,0.8407128738035565,1.4877994440167617,0.945135451990235,0.9133619981621163,1.4047325099403019,0.8460212810505989,0.922766287663572,1.221971938556616,0.6234889123196309,0.9415557070464238,1.2385818951872227,0.6566472346902259,0.9399560716223541
2026-04-04,138,94.0,970.0,Random Forest,1.0993988406151096,0.5811493672654408,0.9454654366667351,1.022209001588352,0.5948030579481686,0.9528544514936135,0.9140967109303879,0.45740483837542323,0.9622996325333231,0.9034507003244375,0.45551511885080237,0.9631726721140312,1.009367828333901,0.5023002734719489,0.9540315132445542
2026-04-05,137,0.17518248175182483,973.0,Linear Regression,0.2300907484893806,0.187094213372004,0.9974789840009259,1.0738312197439477,0.8110621671455059,0.945090265928958,0.2962812565152679,0.23354326042815712,0.995819909892121,0.28757055021810257,0.17506077858161953,0.996062087110854,0.6018741036262344,0.41699622500499284,0.9827500196991922
2026-04-06,139,5.906474820143885,994.0,LSTM,0.31908588832910373,0.22879925147271082,0.9953576761848981,0.3169148428955996,0.2324945002494643,0.9954206335816342,0.26949935062262603,0.21601327860441139,0.99668841672202,0.31593418060398465,0.1977808878557123,0.9954489305445259,0.3437323879325324,0.2465189334804695,0.9946128242376227
2026-04-07,139,57.89208633093525,996.0,Random Forest,0.23452422111099303,0.18111732654707452,0.9974362552156606,0.3398051973128642,0.24318531100666513,0.9946178051108582,0.2553536631752382,0.21623060253712773,0.9969606300165392,0.22787808396480755,0.1643927854683913,0.9975795032510931,0.27075154863188006,0.2112681128199546,0.9965830290702173
2026-04-08,137,5.233576642335766,973.0,ANN,0.7479557747943582,0.3539898114851558,0.9747156110903062,0.5867886260114409,0.355815175828035,0.9844380506741394,0.6036013987498139,0.3528671155811226,0.9835335076180601,0.6816107521878227,0.29184660332984486,0.9790022148412125,0.7101080016274101,0.3419289658447668,0.9772097318395075
2026-04-09,135,8.555555555555555,1141.0,Random Forest,2.0825777316664924,1.137236480059256,0.825261398399745,1.6696859383791212,1.0355212491998385,0.8876802845495493,1.6172623372157735,0.9075895160251193,0.894622628652173,1.1841503768462214,0.61566537972248,0.943506285575253,1.4552763446219912,0.805752734018949,0.9146747920931041
2026-04-10,139,53.597122302158276,1146.0,Random Forest,2.2575991106792004,1.2670748976287391,0.8153966285012629,1.9657634677464069,1.0901593786037171,0.8600385292989086,1.7558008013255877,1.0568432683258608,0.8883402982171869,1.3422545927269027,0.6410115603515202,0.9347447023283402,1.8466258940767744,0.9414216722991421,0.876489517009807
2026-04-11,136,12.602941176470589,994.0,LSTM,1.2068024583862154,0.5676133988501552,0.9387440747604469,1.1118171362821596,0.6934006605774456,0.9480072895261853,0.7331869350081545,0.4121847251355648,0.9773897602963223,0.8644531240291099,0.4171753316351749,0.9685689689337063,0.9505123589343589,0.44044916721025373,0.9619993287755262
2026-04-12,139,6.129496402877698,975.0,Linear Regression,0.3323327470514045,0.27553071264941004,0.9950470882146624,1.1458912249737192,0.8877905816264209,0.9411154845753893,0.36853546182733293,0.28573247135971946,0.993909220388164,0.3876258040389413,0.22254171027692315,0.993261865459781,0.6155941897530294,0.3910324153932344,0.9830056975830804
2026-04-13,135,3.037037037037037,1014.0,LSTM,0.5430687701623975,0.2235263400230329,0.9872311190995542,0.5648297724256967,0.41199670522793613,0.9861873076324339,0.477463240721321,0.37128127677882167,0.9901298657164248,0.6616649402741428,0.2521850231893615,0.9810451904618241,0.7332437501752118,0.26448268980563944,0.976722307955722
2026-04-14,139,9.856115107913668,960.0,Random Forest,0.3187019628076512,0.2004388601529991,0.9951789581083524,0.38828005204215404,0.2790646767316528,0.9928441440881437,0.291528180411064,0.20069968398183372,0.9959660314058099,0.26255634815793505,0.1900050537635029,0.9967279760392241,0.34201669793298045,0.24117665745133826,0.9944477879002919
2026-04-15,140,7.5,1068.0,Random Forest,1.2304435612174704,0.5574664663115142,0.9390184018418211,1.101616376367859,0.6697304295048543,0.9511194400096219,0.9730871115378763,0.5612195994206837,0.9618601617716005,0.7333816085394808,0.36643293291022383,0.9783361602133501,0.9790854033166517,0.4763742207592001,0.9613885103069957
2026-04-16,140,21.242857142857144,1079.0,Random Forest,1.8297229162367024,0.8670907130322144,0.875931683886765,1.6891648102156305,0.8326074972199126,0.8942612227941269,1.5692068939603467,0.7601564509340695,0.9087462652330279,1.278907867992477,0.5687190229815887,0.939386585225864,1.6089713071191607,0.7369605785142515,0.9040628457833725
2026-04-17,135,40.385185185185186,1094.0,Random Forest,2.200982475733797,1.3474136343180025,0.8053670866557301,1.9149466229648864,1.2331588584489068,0.8526682118187948,1.9426831533868925,1.1768720292833117,0.8483693271567846,1.2663157656883468,0.7915853980597725,0.935573113845813,1.5004044665639908,0.9506859868090525,0.9095518245307506
2026-04-18,139,30.834532374100718,983.0,Random Forest,1.200892757618651,0.662329562821885,0.9376785168497844,1.1189798297359292,0.715145077841995,0.9458904595735508,1.9879811493245145,1.0991222595516725,0.8292133763541073,0.7879805504743351,0.4741098784428868,0.973167550231175,1.0081961747429617,0.5472553934069188,0.9560742263230276
2026-04-19,140,44.35,960.0,Random Forest,1.1507767473444248,0.6465040327923354,0.9327344778331568,0.8630659777621285,0.6480412863102373,0.9621645977161145,1.9641927839297653,1.1029107390914643,0.8040349672608206,0.6786870719603341,0.4593903900463837,0.9766035742806595,0.6981533979713979,0.47764381889681784,0.9752421986341263
2026-04-20,137,43.18978102189781,962.0,Random Forest,1.0538517853150784,0.6081978359573386,0.9452738223002631,0.7666258423151213,0.522165677032326,0.9710397067727757,1.7016401874135885,0.9491918057960315,0.8573172364130537,0.6782656740169613,0.41914283321426016,0.9773308246202657,0.7776175838166344,0.5012817914230424,0.9702032985136226
2026-04-21,138,48.92028985507246,884.0,Random Forest,0.9578457035377844,0.4462925333004171,0.9467680245235309,0.947062362967969,0.5078906902254053,0.9479598394354366,1.3692607056254542,0.6927001784348833,0.8912188206966499,0.6466319959869307,0.37130506224462584,0.975739717560564,0.8647056757165272,0.4507167625465398,0.9566171487677477
2026-04-22,140,23.478571428571428,920.0,Random Forest,0.6102436711195381,0.18664922274757076,0.9822257744837144,0.6847634623340859,0.309188144884949,0.9776197323299526,0.6455835782172697,0.22879405523708884,0.9801075137104344,0.5855419039418996,0.30778278661379443,0.9836356002782902,0.6766854625204697,0.3459085244616976,0.9781446477249889
2026-04-23,135,42.4,1056.0,Random Forest,2.3338895319918413,1.2340535661190901,0.7714090694718039,1.8809673050002835,1.0350907754278595,0.8515224144436304,2.2259090832568953,1.048523599847158,0.7920718704961888,1.4335899701866894,0.765069734324106,0.913752143375975,1.7220127646554502,0.9439523392823692,0.8755568097861224
2026-04-24,135,83.15555555555555,1024.0,Random Forest,1.5192474860192293,0.9277273197616321,0.911247211051334,1.531000057355521,0.9505752834123212,0.9098687549552006,1.1485184522153358,0.7261326652155982,0.9492774696833384,0.9933495315548574,0.5751172212460502,0.9620572207602618,1.0991280123721228,0.6411362605371685,0.9535461718215297
2026-04-25,139,66.33812949640287,1141.0,Random Forest,0.8997332346561469,0.5110222947827872,0.9597210141651564,0.8461702504345449,0.48729626253732156,0.9643740457296359,0.7092039540720556,0.4457466022076367,0.9749738929517643,0.503169579063173,0.28972111116729093,0.987402633805258,0.653532699235824,0.3825421181020406,0.9787486929747947
2026-04-26,140,38.15714285714286,1027.0,Random Forest,1.236809962800597,0.6407937827956439,0.9207703990463958,1.306551453795771,0.7906750339144407,0.911583248665657,0.9109483236603113,0.4879725508008685,0.9570197437274603,0.6807706505071108,0.36604098834062715,0.9759960249370742,1.0025784053912603,0.48987756574016245,0.9479383161124233
2026-04-27,136,27.169117647058822,1048.0,LSTM,1.5483057921687071,0.7709694342352968,0.8872301567682997,1.5023622341468668,0.8773805309869731,0.8938233996626709,1.0096794700651823,0.6496659088941181,0.9520436024993875,1.0228840871172817,0.49473733585389196,0.9507810500025348,1.210727159337669,0.6305879625609453,0.9310439986978816
2026-04-28,140,43.08571428571429,986.0,LSTM,1.203177832950022,0.48995124864521195,0.9446451765103026,1.3255400422954609,0.6865291611543581,0.9328135755283555,1.0492340492347105,0.42709467149462027,0.9579040245354727,1.0518812627500849,0.41659631174208384,0.9576913406011649,1.1564727805716255,0.5236572218337494,0.9488593013086658
2026-04-29,141,23.45390070921986,949.0,LSTM,0.2864957099184508,0.2165670580361925,0.995976839385741,0.272576894329095,0.2054045266455153,0.9963582577656693,0.19668675924251222,0.1543882456772716,0.9981038120861419,0.29739020351823753,0.2373626815394954,0.9956650465221506,0.34032988118588325,0.270936310302445,0.9943228379753054
2026-04-30,139,65.98561151079137,1121.0,Random Forest,1.9741948052275193,0.9953917127331485,0.8397605436391697,1.615333804796624,0.9322374899314607,0.8927211728242144,1.7157868012070923,0.891768152454774,0.8789635719426421,1.2708471869326872,0.6637308869586367,0.9335987710789484,1.3096574181602867,0.7394834072594545,0.9294812074227738
2026-05-01,139,24.633093525179856,1183.0,Random Forest,1.7300777782053343,0.8712040300302011,0.8671661488618985,1.4151481147989602,0.7485397557473945,0.9111246544213362,1.3913353239776451,0.7782841274343806,0.914090511977125,1.1691447477447758,0.5484696233551661,0.9393383702378778,1.290589890410969,0.6863540536825922,0.926081350146851
2026-05-02,132,92.48484848484848,983.0,Random Forest,0.4759157498327464,0.32686467721142787,0.9890449092279283,0.59613026168362,0.4555359670653026,0.9828114927009907,0.7885883221130948,0.5488290090217735,0.9699214768642362,0.4723525901157982,0.34736816336392345,0.989208335685186,0.6195302994399619,0.4289308032643211,0.9814355995429676
2026-05-03,141,44.191489361702125,1040.0,Random Forest,1.5276115961449448,0.7780197297842953,0.9160420686342989,1.6982222384926255,1.1542684482033339,0.896241213454428,1.3599039251100795,0.7565260015480908,0.9334646736870188,1.0898607075886357,0.5473776223258666,0.9572655786883181,1.3658959904787973,0.6841960542082425,0.9328770404486647
2026-05-04,131,81.8473282442748,1068.0,Random Forest,2.533496914307377,1.2854182982887068,0.7392053893945145,2.48806438598561,1.4138749287285306,0.7484750434739234,2.267515001132317,1.1390523093693128,0.7910904994577306,1.8150099459792643,0.9860470847974647,0.8661507717469721,2.005515557138611,1.1412325736313524,0.8365782249317297
2026-05-05,139,75.67625899280576,1011.0,Random Forest,3.1009412986648184,2.3384607137040354,0.21130094978175784,2.569715192435404,1.875314807557819,0.4583805996974091,3.0858962136929455,2.367429566391938,0.21893557254281304,1.5978815890103164,1.1251109469905336,0.7905822865908286,1.6186344493743872,1.0211037085397576,0.7851072388190112
2026-05-06,143,91.98601398601399,1032.0,Random Forest,1.5142942703262978,0.7142694629686989,0.916506216342636,1.326447649492597,0.718094071365668,0.9359360351707376,1.2353498880930995,0.7092890143144381,0.9444334357670968,0.8790540538767615,0.48392132408226607,0.9718638451030868,0.9618741232047466,0.5205162715023971,0.9663124003926611
2026-05-07,138,91.07246376811594,1105.0,Random Forest,1.7061067709458442,0.8775696513116911,0.8654031108894381,1.3151017421092037,0.8226943767259839,0.9200273816354763,1.4654566485468614,0.8595799721686735,0.9006955843038261,0.9325618708505735,0.5130161011727788,0.9597859402676954,1.1534112083562689,0.7022956234709122,0.9384835954954619
2026-05-08,135,97.28888888888889,1040.0,HistGBDT,1.2296858587003514,0.6959458665906724,0.9331792562738594,1.2545135918493744,0.7697920071474831,0.9304537544438336,1.2588740930726623,0.7958710619149383,0.929969449566073,0.9731465082659807,0.5684051180413668,0.9581515472994564,0.9714551909708361,0.574239835835859,0.958296885138472
2026-05-09,110,75.15454545454546,1134.0,Random Forest,1.513011146334488,0.8725823019898348,0.8918819675404899,1.1938654321679452,0.7288087910544927,0.9326830184928541,1.4881057417054184,0.9858476986690002,0.8954120950415076,1.1042901865076633,0.6100271626320031,0.9424055938992356,1.4981471674764981,0.8381467423919032,0.8939958583334991
2026-05-10,25,99.76,373.0,Random Forest,0.23993942895327408,0.20024079750501084,0.9806223174206269,0.36864171986244443,0.333358486018718,0.9542587990586179,0.2533332216980753,0.19965383719444277,0.978398550800628,0.13992284329625,0.11791114906786797,0.9934101452990364,0.3005608354604903,0.2465734757369022,0.9695937141325769
2026-05-11,139,81.72661870503597,1094.0,Random Forest,1.1355565585705372,0.6532851690453146,0.9151245252418243,1.0611447108818641,0.7040823640241415,0.9258836703802291,1.348791396079633,0.8385411908832384,0.8802558651695582,0.7015028984772174,0.46271546442346984,0.9676090551823893,0.8141196987568212,0.5690031626417548,0.9563744210891302
2026-05-12,108,100.0,1001.0,HistGBDT,1.132336001066941,0.6276607259592221,0.9093214987618586,1.1293253552685893,0.7010329554147314,0.9098030482706132,1.177489475993353,0.8521797001119013,0.9019454454268254,0.8543782373601289,0.5132048841776461,0.9483757140440658,0.819842992041544,0.5114705384521905,0.9524648268597066
2026-05-13,135,56.32592592592592,1193.0,Random Forest,2.4015551341074803,1.3381990915543844,0.8443588232877751,1.7056860856180596,1.1125795180256242,0.9214877188315519,2.165711612539618,1.3741530478689405,0.8734271284317068,1.2344311358606124,0.680788319280778,0.9588781052389649,1.4366077553070915,0.8805759699595872,0.944305052899371
2026-05-14,142,96.93661971830986,1221.0,HistGBDT,2.0528506744331585,1.6583880505989257,0.5209337142091501,1.432417294199132,1.160985348557103,0.7667508870661814,2.2991688874616005,1.9453152019020539,0.3990717277624237,1.04790479918903,0.8166342968089583,0.8751683968863752,0.7568186612667029,0.525071388226941,0.9348874725601184
2026-05-15,137,85.1094890510949,1058.0,HistGBDT,2.5836681668821386,2.169716248735256,0.5354021038686372,2.1774211251591016,1.7985441770341832,0.6700192279424758,2.530966973556296,2.156510395177089,0.5541623649245621,1.5128722315403786,1.1961804297297454,0.8407027519186485,1.2638200134655602,0.9771259527158219,0.8888334245926925
2026-05-16,138,95.1086956521739,1144.0,HistGBDT,2.1217146588611633,1.6657298918571382,0.3948811116635583,1.6386620831784977,1.259386897411909,0.6390512310456822,2.6103942202050536,2.1327097499992536,0.08403484237949432,1.068984326557045,0.7653641840276705,0.8463935576183281,0.9172033218860368,0.6166394269975537,0.8869168250292936
2026-05-17,139,99.68345323741008,1144.0,HistGBDT,1.5953789557210778,1.2455622321604292,0.631358361058638,1.174865426276825,0.7624906284347539,0.8000815309334903,2.0816948938937605,1.7598410548066064,0.37235969614222353,0.8872086332473442,0.5513371122956533,0.8859938739596641,0.7886788718317724,0.4716181139026752,0.9099098970618913
2026-05-18,141,95.23404255319149,1141.0,HistGBDT,2.784250966608187,2.3290375330395707,0.527241667045262,2.0215913063793955,1.5986345325068072,0.7507649272330781,2.490496018837442,2.0961429664158655,0.6217367601368251,0.9322134062266623,0.6831761216297545,0.9470027758697988,0.7008598683889979,0.5346525234094262,0.9700439311643938
2026-05-19,133,96.09022556390977,1058.0,HistGBDT,2.020793214481189,1.6366799062858863,0.5386835009505627,1.5547198763465,1.120430287908101,0.7269390861497504,2.398599457462034,1.9506457276756604,0.35006384040734684,1.0681609622220314,0.7766553707997526,0.8711072049730468,0.6996360200877229,0.4667063028936533,0.9447032561159715
2026-05-20,134,98.56716417910448,1138.0,Random Forest,2.7494444095510673,1.7320994771458647,0.3794773184111703,2.1224378657855345,1.1375545845761648,0.6302248307155218,2.8170559297067883,1.950700031248491,0.3485835622304251,1.2353359424894421,0.7734477428013189,0.8747326386975864,1.2712721448626676,0.7677635164502224,0.8673385204584534
2026-05-21,143,95.2027972027972,1053.0,HistGBDT,2.1832632985506892,1.7112361546980137,0.6904041731316348,1.8217923294066718,1.4025718267980238,0.7844338288025072,2.2977201947321744,1.8250687138033914,0.6570923671464172,1.0609096553825736,0.7600455247806646,0.9268962469523321,0.9539601217714733,0.7111262623976714,0.9408924020763756
2026-05-22,143,98.07692307692308,1170.0,HistGBDT,2.0978505528271314,1.3641276628945698,0.6346385526411508,1.5462302369439407,1.061249331544776,0.8015176243553503,2.3307288309933916,1.5911431954507227,0.5490201657400383,1.0247637495581605,0.6719997020304067,0.9128191429690251,0.9069822135367398,0.6118181846189192,0.9317077900820928
2026-05-23,144,89.9375,1024.0,Random Forest,0.6736185092409103,0.3767498339222935,0.9811114689076827,0.648331359252587,0.49039345338810514,0.9825029747435627,0.5193307709354729,0.3378459140062332,0.9887731408746141,0.4190641303215014,0.27255674817139414,0.9926897683419741,0.6148179271131083,0.42736594549100576,0.9842651282937612
2026-05-24,144,81.35416666666667,1030.0,Random Forest,0.7339230162594487,0.4320214421354524,0.975359436851323,0.8059178406665284,0.5889320988772905,0.9702880501272365,0.5933334311660329,0.3666104487561517,0.9838954997557968,0.47017857215527753,0.34863827828935656,0.9898871100907489,0.610845810541523,0.46329148916786483,0.9829308139084486
2026-05-25,139,62.45323741007194,1157.0,Random Forest,1.0750855041192204,0.5000578831236329,0.9499084336090681,1.1075052119752211,0.75489700423249,0.9468418133471412,0.7933587169556301,0.4887244001755612,0.9727216689256297,0.5514753506840915,0.33884114167955615,0.9868195325971215,0.9251669270588347,0.4790181666913064,0.9629047076022131
2026-05-26,141,42.319148936170215,1035.0,LSTM,0.6200399980494133,0.34255779964447486,0.9831302208555986,0.9125710293415735,0.5013272276423122,0.9634570722385392,0.5687350692604305,0.31053811165965195,0.9858064836805491,0.582810713873049,0.3346187179942795,0.9850952382539213,0.5799673113481629,0.35185995674145204,0.9852403174514988
2026-05-27,145,77.64827586206897,1007.0,HistGBDT,0.5437078400005224,0.4131615392610368,0.9876707690673782,0.574609169727189,0.43939438835307265,0.9862294939290319,0.5134309564761184,0.3589953299653942,0.9890056667468753,0.5103952387660007,0.3826884765299325,0.9891352928358332,0.4860331002000557,0.3650363340763755,0.9901477257978146
2026-05-28,140,75.88571428571429,1019.0,HistGBDT,0.9193836955156387,0.4816141333935905,0.9569409744467318,0.7943973773869817,0.47728131033735993,0.9678525739882133,0.7740673633486056,0.4292465115734509,0.9694769368094418,0.620037743473508,0.4151019153649819,0.9804157539818887,0.584652383820136,0.3439545909335223,0.9825873026511975
2026-05-29,139,87.76978417266187,1084.0,Random Forest,1.0730099567845548,0.4570789586687981,0.9529841147973889,1.083681263342989,0.6026224484214533,0.9520442991316577,0.7742759529893982,0.4017476151298276,0.9755190280522318,0.7032527003743289,0.3794799920883387,0.9798042525874628,0.7603921173837459,0.4088801064903907,0.9763891117539363
